{"stats":{"minecraft:killed_by":{"soulslikeuniverse:monstertowerknight":1},"minecraft:used":{"minecraft:diamond_pickaxe":8},"minecraft:mined":{"minecraft:oak_log":1,"minecraft:stone":8,"minecraft:dirt":3},"minecraft:dropped":{"gravestone:obituary":1},"minecraft:picked_up":{"minecraft:oak_log":1,"minecraft:cobblestone":8},"minecraft:custom":{"minecraft:jump":19,"minecraft:time_since_rest":95,"minecraft:deaths":1,"minecraft:walk_on_water_one_cm":69,"minecraft:damage_taken":215,"minecraft:leave_game":2,"minecraft:sprint_one_cm":10570,"minecraft:play_time":4577,"minecraft:time_since_death":67,"minecraft:walk_one_cm":11415,"minecraft:sneak_time":4,"minecraft:total_world_time":4577,"minecraft:drop":1,"minecraft:fall_one_cm":2155,"minecraft:fly_one_cm":41932}},"DataVersion":3465}